-- MySQL dump 10.13  Distrib 8.0.41, for Linux (x86_64)
--
-- Host: localhost    Database: fakestore
-- ------------------------------------------------------
-- Server version	8.0.41-0ubuntu0.24.04.1

/*!40101 SET @OLD_CHARACTER_SET_CLIENT=@@CHARACTER_SET_CLIENT */;
/*!40101 SET @OLD_CHARACTER_SET_RESULTS=@@CHARACTER_SET_RESULTS */;
/*!40101 SET @OLD_COLLATION_CONNECTION=@@COLLATION_CONNECTION */;
/*!50503 SET NAMES utf8mb4 */;
/*!40103 SET @OLD_TIME_ZONE=@@TIME_ZONE */;
/*!40103 SET TIME_ZONE='+00:00' */;
/*!40014 SET @OLD_UNIQUE_CHECKS=@@UNIQUE_CHECKS, UNIQUE_CHECKS=0 */;
/*!40014 SET @OLD_FOREIGN_KEY_CHECKS=@@FOREIGN_KEY_CHECKS, FOREIGN_KEY_CHECKS=0 */;
/*!40101 SET @OLD_SQL_MODE=@@SQL_MODE, SQL_MODE='NO_AUTO_VALUE_ON_ZERO' */;
/*!40111 SET @OLD_SQL_NOTES=@@SQL_NOTES, SQL_NOTES=0 */;

--
-- Table structure for table `cart_items`
--

DROP TABLE IF EXISTS `cart_items`;
/*!40101 SET @saved_cs_client     = @@character_set_client */;
/*!50503 SET character_set_client = utf8mb4 */;
CREATE TABLE `cart_items` (
  `id` int NOT NULL AUTO_INCREMENT,
  `product_id` int DEFAULT NULL,
  `quantity` int DEFAULT NULL,
  `user_id` int NOT NULL,
  PRIMARY KEY (`id`),
  KEY `cart_items_ibfk_1` (`user_id`),
  KEY `cart_items_ibfk_2` (`product_id`),
  CONSTRAINT `cart_items_ibfk_1` FOREIGN KEY (`user_id`) REFERENCES `users` (`id`) ON DELETE CASCADE,
  CONSTRAINT `cart_items_ibfk_2` FOREIGN KEY (`product_id`) REFERENCES `products` (`id`) ON DELETE CASCADE ON UPDATE CASCADE
) ENGINE=InnoDB AUTO_INCREMENT=61 DEFAULT CHARSET=utf8mb4 COLLATE=utf8mb4_0900_ai_ci;
/*!40101 SET character_set_client = @saved_cs_client */;

--
-- Dumping data for table `cart_items`
--

LOCK TABLES `cart_items` WRITE;
/*!40000 ALTER TABLE `cart_items` DISABLE KEYS */;
INSERT INTO `cart_items` VALUES (51,7,1,1),(52,14,1,1),(53,13,1,1),(54,18,1,51),(55,11,1,51),(56,14,1,51),(58,13,1,52),(59,4,1,53),(60,93,1,52);
/*!40000 ALTER TABLE `cart_items` ENABLE KEYS */;
UNLOCK TABLES;

--
-- Table structure for table `categories`
--

DROP TABLE IF EXISTS `categories`;
/*!40101 SET @saved_cs_client     = @@character_set_client */;
/*!50503 SET character_set_client = utf8mb4 */;
CREATE TABLE `categories` (
  `id` int NOT NULL AUTO_INCREMENT,
  `name` varchar(255) NOT NULL,
  PRIMARY KEY (`id`),
  UNIQUE KEY `name` (`name`)
) ENGINE=InnoDB AUTO_INCREMENT=21 DEFAULT CHARSET=utf8mb4 COLLATE=utf8mb4_0900_ai_ci;
/*!40101 SET character_set_client = @saved_cs_client */;

--
-- Dumping data for table `categories`
--

LOCK TABLES `categories` WRITE;
/*!40000 ALTER TABLE `categories` DISABLE KEYS */;
INSERT INTO `categories` VALUES (9,'Automotive'),(12,'Baby'),(7,'Beauty & Personal Care'),(2,'Books'),(1,'Electronics'),(3,'Fashion'),(14,'Garden & Outdoor'),(10,'Grocery'),(8,'Health & Household'),(4,'Home & Kitchen'),(16,'Industrial & Scientific'),(20,'Movies & TV'),(17,'Musical Instruments'),(13,'Office Products'),(11,'Pet Supplies'),(18,'Software'),(5,'Sports & Outdoors'),(15,'Tools & Home Improvement'),(6,'Toys & Games'),(19,'Video Games');
/*!40000 ALTER TABLE `categories` ENABLE KEYS */;
UNLOCK TABLES;

--
-- Table structure for table `orders`
--

DROP TABLE IF EXISTS `orders`;
/*!40101 SET @saved_cs_client     = @@character_set_client */;
/*!50503 SET character_set_client = utf8mb4 */;
CREATE TABLE `orders` (
  `id` int NOT NULL AUTO_INCREMENT,
  `user_id` int DEFAULT NULL,
  `order_date` timestamp NULL DEFAULT CURRENT_TIMESTAMP,
  `status` varchar(255) DEFAULT NULL,
  `product_id` int NOT NULL,
  `quantity` int NOT NULL,
  PRIMARY KEY (`id`),
  KEY `orders_ibfk_1` (`user_id`),
  KEY `fk_orders_product_id` (`product_id`),
  CONSTRAINT `fk_orders_product_id` FOREIGN KEY (`product_id`) REFERENCES `products` (`id`) ON DELETE CASCADE ON UPDATE CASCADE,
  CONSTRAINT `orders_ibfk_1` FOREIGN KEY (`user_id`) REFERENCES `users` (`id`) ON DELETE CASCADE ON UPDATE CASCADE
) ENGINE=InnoDB AUTO_INCREMENT=66 DEFAULT CHARSET=utf8mb4 COLLATE=utf8mb4_0900_ai_ci;
/*!40101 SET character_set_client = @saved_cs_client */;

--
-- Dumping data for table `orders`
--

LOCK TABLES `orders` WRITE;
/*!40000 ALTER TABLE `orders` DISABLE KEYS */;
INSERT INTO `orders` VALUES (62,1,'2025-01-26 17:44:33','ongoing',9,1),(63,51,'2025-01-26 17:46:08','ongoing',4,1),(64,51,'2025-01-26 17:46:15','ongoing',7,1),(65,53,'2025-01-31 14:53:57','ongoing',2,1);
/*!40000 ALTER TABLE `orders` ENABLE KEYS */;
UNLOCK TABLES;

--
-- Table structure for table `products`
--

DROP TABLE IF EXISTS `products`;
/*!40101 SET @saved_cs_client     = @@character_set_client */;
/*!50503 SET character_set_client = utf8mb4 */;
CREATE TABLE `products` (
  `id` int NOT NULL AUTO_INCREMENT,
  `title` varchar(255) NOT NULL,
  `price` double NOT NULL,
  `description` text,
  `image` varchar(255) DEFAULT NULL,
  `rating_rate` double DEFAULT NULL,
  `rating_count` int DEFAULT NULL,
  `category_id` int DEFAULT NULL,
  PRIMARY KEY (`id`),
  KEY `FK1cf90etcu98x1e6n9aks3tel3` (`category_id`),
  CONSTRAINT `products_ibfk_1` FOREIGN KEY (`category_id`) REFERENCES `categories` (`id`)
) ENGINE=InnoDB AUTO_INCREMENT=179 DEFAULT CHARSET=utf8mb4 COLLATE=utf8mb4_0900_ai_ci;
/*!40101 SET character_set_client = @saved_cs_client */;

--
-- Dumping data for table `products`
--

LOCK TABLES `products` WRITE;
/*!40000 ALTER TABLE `products` DISABLE KEYS */;
INSERT INTO `products` VALUES (1,'Fjallraven - Foldsack No. 1 Backpack, Fits 15 Laptops',109.99,'Your perfect pack for everyday use and walks in the forest. Stash your laptop (up to 15 inches) in the padded sleeve, your everyday','https://fakestoreapi.com/img/81fPKd-2AYL._AC_SL1500_.jpg',4,120,13),(2,'Mens Casual Premium Slim Fit T-Shirts ',22.3,'Slim-fitting style, contrast raglan long sleeve, three-button henley placket, light weight & soft fabric for breathable and comfortable wearing. And Solid stitched shirts with round neck made for durability and a great fit for casual fashion wear and diehard baseball fans. The Henley style round neckline includes a three-button placket.','https://fakestoreapi.com/img/71-3HjGNDUL._AC_SY879._SX._UX._SY._UY_.jpg',4,259,3),(4,'Mens Casual Slim Fit',15.99,'The color could be slightly different between on the screen and in practice. / Please note that body builds vary by person, therefore, detailed size information should be reviewed below on the product description.','https://fakestoreapi.com/img/71YXzeOuslL._AC_UY879_.jpg',2,430,3),(5,'John Hardy Women\'s Legends Naga Gold & Silver Dragon Station Chain Bracelet',695,'From our Legends Collection, the Naga was inspired by the mythical water dragon that protects the ocean\'s pearl. Wear facing inward to be bestowed with love and abundance, or outward for protection.','https://fakestoreapi.com/img/71pWzhdJNwL._AC_UL640_QL65_ML3_.jpg',5,400,3),(6,'Solid Gold Petite Micropave ',168,'Satisfaction Guaranteed. Return or exchange any order within 30 days.Designed and sold by Hafeez Center in the United States. Satisfaction Guaranteed. Return or exchange any order within 30 days.','https://fakestoreapi.com/img/61sbMiUnoGL._AC_UL640_QL65_ML3_.jpg',4,70,3),(7,'White Gold Plated Princess',9.99,'Classic Created Wedding Engagement Solitaire Diamond Promise Ring for Her. Gifts to spoil your love more for Engagement, Wedding, Anniversary, Valentine\'s Day...','https://fakestoreapi.com/img/71YAIFU48IL._AC_UL640_QL65_ML3_.jpg',3,400,3),(9,'WD 2TB Elements Portable External Hard Drive - USB 3.0 ',64,'USB 3.0 and USB 2.0 Compatibility Fast data transfers Improve PC Performance High Capacity; Compatibility Formatted NTFS for Windows 10, Windows 8.1, Windows 7; Reformatting may be required for other operating systems; Compatibility may vary depending on user’s hardware configuration and operating system','https://fakestoreapi.com/img/61IBBVJvSDL._AC_SY879_.jpg',3,203,1),(10,'SanDisk SSD PLUS 1TB Internal SSD - SATA III 6 Gb/s',109,'Easy upgrade for faster boot up, shutdown, application load and response (As compared to 5400 RPM SATA 2.5” hard drive; Based on published specifications and internal benchmarking tests using PCMark vantage scores) Boosts burst write performance, making it ideal for typical PC workloads The perfect balance of performance and reliability Read/write speeds of up to 535MB/s/450MB/s (Based on internal testing; Performance may vary depending upon drive capacity, host device, OS and application.)','https://fakestoreapi.com/img/61U7T1koQqL._AC_SX679_.jpg',3,470,1),(11,'Silicon Power 256GB SSD 3D NAND A55 SLC Cache Performance Boost SATA III 2.5',109,'3D NAND flash are applied to deliver high transfer speeds Remarkable transfer speeds that enable faster bootup and improved overall system performance. The advanced SLC Cache Technology allows performance boost and longer lifespan 7mm slim design suitable for Ultrabooks and Ultra-slim notebooks. Supports TRIM command, Garbage Collection technology, RAID, and ECC (Error Checking & Correction) to provide the optimized performance and enhanced reliability.','https://fakestoreapi.com/img/71kWymZ+c+L._AC_SX679_.jpg',5,319,1),(12,'WD 4TB Gaming Drive Works with Playstation 4 Portable External Hard Drive',114,'Expand your PS4 gaming experience, Play anywhere Fast and easy, setup Sleek design with high capacity, 3-year manufacturer\'s limited warranty','https://fakestoreapi.com/img/61mtL65D4cL._AC_SX679_.jpg',5,400,1),(13,'Acer SB220Q bi 21.5 inches Full HD (1920 x 1080) IPS Ultra-Thin',599,'21. 5 inches Full HD (1920 x 1080) widescreen IPS display And Radeon free Sync technology. No compatibility for VESA Mount Refresh Rate: 75Hz - Using HDMI port Zero-frame design | ultra-thin | 4ms response time | IPS panel Aspect ratio - 16: 9. Color Supported - 16. 7 million colors. Brightness - 250 nit Tilt angle -5 degree to 15 degree. Horizontal viewing angle-178 degree. Vertical viewing angle-178 degree 75 hertz','https://fakestoreapi.com/img/81QpkIctqPL._AC_SX679_.jpg',3,250,1),(14,'Samsung 49-Inch CHG90 144Hz Curved Gaming Monitor (LC49HG90DMNXZA) – Super Ultrawide Screen QLED ',999.99,'49 INCH SUPER ULTRAWIDE 32:9 CURVED GAMING MONITOR with dual 27 inch screen side by side QUANTUM DOT (QLED) TECHNOLOGY, HDR support and factory calibration provides stunningly realistic and accurate color and contrast 144HZ HIGH REFRESH RATE and 1ms ultra fast response time work to eliminate motion blur, ghosting, and reduce input lag','https://fakestoreapi.com/img/81Zt42ioCgL._AC_SX679_.jpg',2,140,1),(15,'BIYLACLESEN Women\'s 3-in-1 Snowboard Jacket Winter Coats',56.99,'Note:The Jackets is US standard size, Please choose size as your usual wear Material: 100% Polyester; Detachable Liner Fabric: Warm Fleece. Detachable Functional Liner: Skin Friendly, Lightweigt and Warm.Stand Collar Liner jacket, keep you warm in cold weather. Zippered Pockets: 2 Zippered Hand Pockets, 2 Zippered Pockets on Chest (enough to keep cards or keys)and 1 Hidden Pocket Inside.Zippered Hand Pockets and Hidden Pocket keep your things secure. Humanized Design: Adjustable and Detachable Hood and Adjustable cuff to prevent the wind and water,for a comfortable fit. 3 in 1 Detachable Design provide more convenience, you can separate the coat and inner as needed, or wear it together. It is suitable for different season and help you adapt to different climates','https://fakestoreapi.com/img/51Y5NI-I5jL._AC_UX679_.jpg',3,235,3),(16,'Lock and Love Women\'s Removable Hooded Faux Leather Moto Biker Jacket',29.95,'100% POLYURETHANE(shell) 100% POLYESTER(lining) 75% POLYESTER 25% COTTON (SWEATER), Faux leather material for style and comfort / 2 pockets of front, 2-For-One Hooded denim style faux leather jacket, Button detail on waist / Detail stitching at sides, HAND WASH ONLY / DO NOT BLEACH / LINE DRY / DO NOT IRON','https://fakestoreapi.com/img/81XH0e8fefL._AC_UY879_.jpg',3,340,3),(17,'Rain Jacket Women Windbreaker Striped Climbing Raincoats',39.99,'Lightweight perfet for trip or casual wear---Long sleeve with hooded, adjustable drawstring waist design. Button and zipper front closure raincoat, fully stripes Lined and The Raincoat has 2 side pockets are a good size to hold all kinds of things, it covers the hips, and the hood is generous but doesn\'t overdo it.Attached Cotton Lined Hood with Adjustable Drawstrings give it a real styled look.','https://fakestoreapi.com/img/71HblAHs5xL._AC_UY879_-2.jpg',4,679,3),(18,'MBJ Women\'s Solid Short Sleeve Boat Neck V ',9.85,'95% RAYON 5% SPANDEX, Made in USA or Imported, Do Not Bleach, Lightweight fabric with great stretch for comfort, Ribbed on sleeves and neckline / Double stitching on bottom hem','https://fakestoreapi.com/img/71z3kpMAYsL._AC_UY879_.jpg',5,130,3),(19,'Opna Women\'s Short Sleeve Moisture',7.95,'100% Polyester, Machine wash, 100% cationic polyester interlock, Machine Wash & Pre Shrunk for a Great Fit, Lightweight, roomy and highly breathable with moisture wicking fabric which helps to keep moisture away, Soft Lightweight Fabric with comfortable V-neck collar and a slimmer fit, delivers a sleek, more feminine silhouette and Added Comfort','https://fakestoreapi.com/img/51eg55uWmdL._AC_UX679_.jpg',5,146,3),(20,'DANVOUY Womens T Shirt Casual Cotton Short',12.99,'95%Cotton,5%Spandex, Features: Casual, Short Sleeve, Letter Print,V-Neck,Fashion Tees, The fabric is soft and has some stretch., Occasion: Casual/Office/Beach/School/Home/Street. Season: Spring,Summer,Autumn,Winter.','https://fakestoreapi.com/img/61pHAEJ4NML._AC_UX679_.jpg',4,145,3),(39,'Essence Mascara Lash Princess',9.99,'The Essence Mascara Lash Princess is a popular mascara known for its volumizing and lengthening effects. Achieve dramatic lashes with this long-lasting and cruelty-free formula.','https://cdn.dummyjson.com/products/images/beauty/Essence%20Mascara%20Lash%20Princess/thumbnail.png',4.94,5,7),(40,'Eyeshadow Palette with Mirror',19.99,'The Eyeshadow Palette with Mirror offers a versatile range of eyeshadow shades for creating stunning eye looks. With a built-in mirror, it\'s convenient for on-the-go makeup application.','https://cdn.dummyjson.com/products/images/beauty/Eyeshadow%20Palette%20with%20Mirror/thumbnail.png',3.28,44,7),(41,'Powder Canister',14.99,'The Powder Canister is a finely milled setting powder designed to set makeup and control shine. With a lightweight and translucent formula, it provides a smooth and matte finish.','https://cdn.dummyjson.com/products/images/beauty/Powder%20Canister/thumbnail.png',3.82,59,7),(42,'Red Lipstick',12.99,'The Red Lipstick is a classic and bold choice for adding a pop of color to your lips. With a creamy and pigmented formula, it provides a vibrant and long-lasting finish.','https://cdn.dummyjson.com/products/images/beauty/Red%20Lipstick/thumbnail.png',2.51,68,7),(43,'Red Nail Polish',8.99,'The Red Nail Polish offers a rich and glossy red hue for vibrant and polished nails. With a quick-drying formula, it provides a salon-quality finish at home.','https://cdn.dummyjson.com/products/images/beauty/Red%20Nail%20Polish/thumbnail.png',3.91,71,7),(44,'Calvin Klein CK One',49.99,'CK One by Calvin Klein is a classic unisex fragrance, known for its fresh and clean scent. It\'s a versatile fragrance suitable for everyday wear.','https://cdn.dummyjson.com/products/images/fragrances/Calvin%20Klein%20CK%20One/thumbnail.png',4.85,17,7),(45,'Chanel Coco Noir Eau De',129.99,'Coco Noir by Chanel is an elegant and mysterious fragrance, featuring notes of grapefruit, rose, and sandalwood. Perfect for evening occasions.','https://cdn.dummyjson.com/products/images/fragrances/Chanel%20Coco%20Noir%20Eau%20De/thumbnail.png',2.76,41,7),(46,'Dior J\'adore',89.99,'J\'adore by Dior is a luxurious and floral fragrance, known for its blend of ylang-ylang, rose, and jasmine. It embodies femininity and sophistication.','https://cdn.dummyjson.com/products/images/fragrances/Dior%20J\'adore/thumbnail.png',3.31,91,7),(47,'Dolce Shine Eau de',69.99,'Dolce Shine by Dolce & Gabbana is a vibrant and fruity fragrance, featuring notes of mango, jasmine, and blonde woods. It\'s a joyful and youthful scent.','https://cdn.dummyjson.com/products/images/fragrances/Dolce%20Shine%20Eau%20de/thumbnail.png',2.68,3,7),(48,'Gucci Bloom Eau de',79.99,'Gucci Bloom by Gucci is a floral and captivating fragrance, with notes of tuberose, jasmine, and Rangoon creeper. It\'s a modern and romantic scent.','https://cdn.dummyjson.com/products/images/fragrances/Gucci%20Bloom%20Eau%20de/thumbnail.png',2.69,93,7),(49,'Annibale Colombo Bed',1899.99,'The Annibale Colombo Bed is a luxurious and elegant bed frame, crafted with high-quality materials for a comfortable and stylish bedroom.','https://cdn.dummyjson.com/products/images/furniture/Annibale%20Colombo%20Bed/thumbnail.png',4.14,47,4),(50,'Annibale Colombo Sofa',2499.99,'The Annibale Colombo Sofa is a sophisticated and comfortable seating option, featuring exquisite design and premium upholstery for your living room.','https://cdn.dummyjson.com/products/images/furniture/Annibale%20Colombo%20Sofa/thumbnail.png',3.08,16,4),(51,'Bedside Table African Cherry',299.99,'The Bedside Table in African Cherry is a stylish and functional addition to your bedroom, providing convenient storage space and a touch of elegance.','https://cdn.dummyjson.com/products/images/furniture/Bedside%20Table%20African%20Cherry/thumbnail.png',4.48,16,4),(52,'Knoll Saarinen Executive Conference Chair',499.99,'The Knoll Saarinen Executive Conference Chair is a modern and ergonomic chair, perfect for your office or conference room with its timeless design.','https://cdn.dummyjson.com/products/images/furniture/Knoll%20Saarinen%20Executive%20Conference%20Chair/thumbnail.png',4.11,47,4),(53,'Wooden Bathroom Sink With Mirror',799.99,'The Wooden Bathroom Sink with Mirror is a unique and stylish addition to your bathroom, featuring a wooden sink countertop and a matching mirror.','https://cdn.dummyjson.com/products/images/furniture/Wooden%20Bathroom%20Sink%20With%20Mirror/thumbnail.png',3.26,95,4),(79,'Tissue Paper Box',2.49,'Convenient tissue paper box for everyday use, providing soft and absorbent tissues.','https://cdn.dummyjson.com/products/images/groceries/Tissue%20Paper%20Box/thumbnail.png',4.55,97,4),(80,'Water',0.99,'Pure and refreshing bottled water, essential for staying hydrated throughout the day.','https://cdn.dummyjson.com/products/images/groceries/Water/thumbnail.png',2.93,95,4),(81,'Decoration Swing',59.99,'The Decoration Swing is a charming addition to your home decor. Crafted with intricate details, it adds a touch of elegance and whimsy to any room.','https://cdn.dummyjson.com/products/images/home-decoration/Decoration%20Swing/thumbnail.png',3.56,62,4),(82,'Family Tree Photo Frame',29.99,'The Family Tree Photo Frame is a sentimental and stylish way to display your cherished family memories. With multiple photo slots, it tells the story of your loved ones.','https://cdn.dummyjson.com/products/images/home-decoration/Family%20Tree%20Photo%20Frame/thumbnail.png',3.84,34,4),(83,'House Showpiece Plant',39.99,'The House Showpiece Plant is an artificial plant that brings a touch of nature to your home without the need for maintenance. It adds greenery and style to any space.','https://cdn.dummyjson.com/products/images/home-decoration/House%20Showpiece%20Plant/thumbnail.png',3.61,89,4),(84,'Plant Pot',14.99,'The Plant Pot is a stylish container for your favorite plants. With a sleek design, it complements your indoor or outdoor garden, adding a modern touch to your plant display.','https://cdn.dummyjson.com/products/images/home-decoration/Plant%20Pot/thumbnail.png',3.33,70,4),(85,'Table Lamp',49.99,'The Table Lamp is a functional and decorative lighting solution for your living space. With a modern design, it provides both ambient and task lighting, enhancing the atmosphere.','https://cdn.dummyjson.com/products/images/home-decoration/Table%20Lamp/thumbnail.png',4.56,84,4),(86,'Bamboo Spatula',7.99,'The Bamboo Spatula is a versatile kitchen tool made from eco-friendly bamboo. Ideal for flipping, stirring, and serving various dishes.','https://cdn.dummyjson.com/products/images/kitchen-accessories/Bamboo%20Spatula/thumbnail.png',4.4,0,4),(87,'Black Aluminium Cup',5.99,'The Black Aluminium Cup is a stylish and durable cup suitable for both hot and cold beverages. Its sleek black design adds a modern touch to your drinkware collection.','https://cdn.dummyjson.com/products/images/kitchen-accessories/Black%20Aluminium%20Cup/thumbnail.png',3.62,42,4),(88,'Black Whisk',9.99,'The Black Whisk is a kitchen essential for whisking and beating ingredients. Its ergonomic handle and sleek design make it a practical and stylish tool.','https://cdn.dummyjson.com/products/images/kitchen-accessories/Black%20Whisk/thumbnail.png',2.88,17,4),(89,'Boxed Blender',39.99,'The Boxed Blender is a powerful and compact blender perfect for smoothies, shakes, and more. Its convenient design and multiple functions make it a versatile kitchen appliance.','https://cdn.dummyjson.com/products/images/kitchen-accessories/Boxed%20Blender/thumbnail.png',2.73,81,4),(90,'Carbon Steel Wok',29.99,'The Carbon Steel Wok is a versatile cooking pan suitable for stir-frying, sautéing, and deep frying. Its sturdy construction ensures even heat distribution for delicious meals.','https://cdn.dummyjson.com/products/images/kitchen-accessories/Carbon%20Steel%20Wok/thumbnail.png',2.94,2,4),(92,'Citrus Squeezer Yellow',8.99,'The Citrus Squeezer in Yellow is a handy tool for extracting juice from citrus fruits. Its vibrant color adds a cheerful touch to your kitchen gadgets.','https://cdn.dummyjson.com/products/images/kitchen-accessories/Citrus%20Squeezer%20Yellow/thumbnail.png',4.18,59,4),(93,'Egg Slicer',6.99,'The Egg Slicer is a convenient tool for slicing boiled eggs evenly. It\'s perfect for salads, sandwiches, and other dishes where sliced eggs are desired.','https://cdn.dummyjson.com/products/images/kitchen-accessories/Egg%20Slicer/thumbnail.png',2.91,30,4),(94,'Electric Stove',49.99,'The Electric Stove provides a portable and efficient cooking solution. Ideal for small kitchens or as an additional cooking surface for various culinary needs.','https://cdn.dummyjson.com/products/images/kitchen-accessories/Electric%20Stove/thumbnail.png',4.84,41,4),(95,'Fine Mesh Strainer',9.99,'The Fine Mesh Strainer is a versatile tool for straining liquids and sifting dry ingredients. Its fine mesh ensures efficient filtering for smooth cooking and baking.','https://cdn.dummyjson.com/products/images/kitchen-accessories/Fine%20Mesh%20Strainer/thumbnail.png',3.7,13,4),(96,'Fork',3.99,'The Fork is a classic utensil for various dining and serving purposes. Its durable and ergonomic design makes it a reliable choice for everyday use.','https://cdn.dummyjson.com/products/images/kitchen-accessories/Fork/thumbnail.png',4.18,10,4),(97,'Glass',4.99,'The Glass is a versatile and elegant drinking vessel suitable for a variety of beverages. Its clear design allows you to enjoy the colors and textures of your drinks.','https://cdn.dummyjson.com/products/images/kitchen-accessories/Glass/thumbnail.png',3.06,68,4),(98,'Grater Black',10.99,'The Grater in Black is a handy kitchen tool for grating cheese, vegetables, and more. Its sleek design and sharp blades make food preparation efficient and easy.','https://cdn.dummyjson.com/products/images/kitchen-accessories/Grater%20Black/thumbnail.png',2.87,80,4),(99,'Hand Blender',34.99,'The Hand Blender is a versatile kitchen appliance for blending, pureeing, and mixing. Its compact design and powerful motor make it a convenient tool for various recipes.','https://cdn.dummyjson.com/products/images/kitchen-accessories/Hand%20Blender/thumbnail.png',3.71,8,4),(100,'Ice Cube Tray',5.99,'The Ice Cube Tray is a practical accessory for making ice cubes in various shapes. Perfect for keeping your drinks cool and adding a fun element to your beverages.','https://cdn.dummyjson.com/products/images/kitchen-accessories/Ice%20Cube%20Tray/thumbnail.png',3.27,81,4),(101,'Kitchen Sieve',7.99,'The Kitchen Sieve is a versatile tool for sifting and straining dry and wet ingredients. Its fine mesh design ensures smooth results in your cooking and baking.','https://cdn.dummyjson.com/products/images/kitchen-accessories/Kitchen%20Sieve/thumbnail.png',2.96,33,4),(102,'Knife',14.99,'The Knife is an essential kitchen tool for chopping, slicing, and dicing. Its sharp blade and ergonomic handle make it a reliable choice for food preparation.','https://cdn.dummyjson.com/products/images/kitchen-accessories/Knife/thumbnail.png',4.31,59,4),(103,'Lunch Box',12.99,'The Lunch Box is a convenient and portable container for packing and carrying your meals. With compartments for different foods, it\'s perfect for on-the-go dining.','https://cdn.dummyjson.com/products/images/kitchen-accessories/Lunch%20Box/thumbnail.png',2.84,26,4),(104,'Microwave Oven',89.99,'The Microwave Oven is a versatile kitchen appliance for quick and efficient cooking, reheating, and defrosting. Its compact size makes it suitable for various kitchen setups.','https://cdn.dummyjson.com/products/images/kitchen-accessories/Microwave%20Oven/thumbnail.png',2.71,27,4),(105,'Mug Tree Stand',15.99,'The Mug Tree Stand is a stylish and space-saving solution for organizing your mugs. Keep your favorite mugs easily accessible and neatly displayed in your kitchen.','https://cdn.dummyjson.com/products/images/kitchen-accessories/Mug%20Tree%20Stand/thumbnail.png',4.34,93,4),(106,'Pan',24.99,'The Pan is a versatile and essential cookware item for frying, sautéing, and cooking various dishes. Its non-stick coating ensures easy food release and cleanup.','https://cdn.dummyjson.com/products/images/kitchen-accessories/Pan/thumbnail.png',3.4,40,4),(107,'Plate',3.99,'The Plate is a classic and essential dishware item for serving meals. Its durable and stylish design makes it suitable for everyday use or special occasions.','https://cdn.dummyjson.com/products/images/kitchen-accessories/Plate/thumbnail.png',3.07,30,4),(108,'Red Tongs',6.99,'The Red Tongs are versatile kitchen tongs suitable for various cooking and serving tasks. Their vibrant color adds a pop of excitement to your kitchen utensils.','https://cdn.dummyjson.com/products/images/kitchen-accessories/Red%20Tongs/thumbnail.png',3.22,15,4),(109,'Silver Pot With Glass Cap',39.99,'The Silver Pot with Glass Cap is a stylish and functional cookware item for boiling, simmering, and preparing delicious meals. Its glass cap allows you to monitor cooking progress.','https://cdn.dummyjson.com/products/images/kitchen-accessories/Silver%20Pot%20With%20Glass%20Cap/thumbnail.png',3.86,37,4),(110,'Slotted Turner',8.99,'The Slotted Turner is a kitchen utensil designed for flipping and turning food items. Its slotted design allows excess liquid to drain, making it ideal for frying and sautéing.','https://cdn.dummyjson.com/products/images/kitchen-accessories/Slotted%20Turner/thumbnail.png',3.77,36,4),(111,'Spice Rack',19.99,'The Spice Rack is a convenient organizer for your spices and seasonings. Keep your kitchen essentials within reach and neatly arranged with this stylish spice rack.','https://cdn.dummyjson.com/products/images/kitchen-accessories/Spice%20Rack/thumbnail.png',4.05,24,4),(112,'Spoon',4.99,'The Spoon is a versatile kitchen utensil for stirring, serving, and tasting. Its ergonomic design and durable construction make it an essential tool for every kitchen.','https://cdn.dummyjson.com/products/images/kitchen-accessories/Spoon/thumbnail.png',3.98,51,4),(113,'Tray',16.99,'The Tray is a functional and decorative item for serving snacks, appetizers, or drinks. Its stylish design makes it a versatile accessory for entertaining guests.','https://cdn.dummyjson.com/products/images/kitchen-accessories/Tray/thumbnail.png',3.2,48,4),(114,'Wooden Rolling Pin',11.99,'The Wooden Rolling Pin is a classic kitchen tool for rolling out dough for baking. Its smooth surface and sturdy handles make it easy to achieve uniform thickness.','https://cdn.dummyjson.com/products/images/kitchen-accessories/Wooden%20Rolling%20Pin/thumbnail.png',4.99,80,4),(115,'Yellow Peeler',5.99,'The Yellow Peeler is a handy tool for peeling fruits and vegetables with ease. Its bright yellow color adds a cheerful touch to your kitchen gadgets.','https://cdn.dummyjson.com/products/images/kitchen-accessories/Yellow%20Peeler/thumbnail.png',4.41,86,4),(116,'Apple MacBook Pro 14 Inch Space Grey',1999.99,'The MacBook Pro 14 Inch in Space Grey is a powerful and sleek laptop, featuring Apple\'s M1 Pro chip for exceptional performance and a stunning Retina display.','https://cdn.dummyjson.com/products/images/laptops/Apple%20MacBook%20Pro%2014%20Inch%20Space%20Grey/thumbnail.png',3.13,39,1),(117,'Asus Zenbook Pro Dual Screen Laptop',1799.99,'The Asus Zenbook Pro Dual Screen Laptop is a high-performance device with dual screens, providing productivity and versatility for creative professionals.','https://cdn.dummyjson.com/products/images/laptops/Asus%20Zenbook%20Pro%20Dual%20Screen%20Laptop/thumbnail.png',3.14,38,1),(118,'Huawei Matebook X Pro',1399.99,'The Huawei Matebook X Pro is a slim and stylish laptop with a high-resolution touchscreen display, offering a premium experience for users on the go.','https://cdn.dummyjson.com/products/images/laptops/Huawei%20Matebook%20X%20Pro/thumbnail.png',4.62,34,1),(119,'Lenovo Yoga 920',1099.99,'The Lenovo Yoga 920 is a 2-in-1 convertible laptop with a flexible hinge, allowing you to use it as a laptop or tablet, offering versatility and portability.','https://cdn.dummyjson.com/products/images/laptops/Lenovo%20Yoga%20920/thumbnail.png',2.98,71,1),(120,'New DELL XPS 13 9300 Laptop',1499.99,'The New DELL XPS 13 9300 Laptop is a compact and powerful device, featuring a virtually borderless InfinityEdge display and high-end performance for various tasks.','https://cdn.dummyjson.com/products/images/laptops/New%20DELL%20XPS%2013%209300%20Laptop/thumbnail.png',2.98,18,1),(121,'Blue & Black Check Shirt',29.99,'The Blue & Black Check Shirt is a stylish and comfortable men\'s shirt featuring a classic check pattern. Made from high-quality fabric, it\'s suitable for both casual and semi-formal occasions.','https://cdn.dummyjson.com/products/images/mens-shirts/Blue%20&%20Black%20Check%20Shirt/thumbnail.png',4.19,44,3),(122,'Gigabyte Aorus Men Tshirt',24.99,'The Gigabyte Aorus Men Tshirt is a cool and casual shirt for gaming enthusiasts. With the Aorus logo and sleek design, it\'s perfect for expressing your gaming style.','https://cdn.dummyjson.com/products/images/mens-shirts/Gigabyte%20Aorus%20Men%20Tshirt/thumbnail.png',4.95,64,3),(123,'Man Plaid Shirt',34.99,'The Man Plaid Shirt is a timeless and versatile men\'s shirt with a classic plaid pattern. Its comfortable fit and casual style make it a wardrobe essential for various occasions.','https://cdn.dummyjson.com/products/images/mens-shirts/Man%20Plaid%20Shirt/thumbnail.png',3.66,65,3),(124,'Man Short Sleeve Shirt',19.99,'The Man Short Sleeve Shirt is a breezy and stylish option for warm days. With a comfortable fit and short sleeves, it\'s perfect for a laid-back yet polished look.','https://cdn.dummyjson.com/products/images/mens-shirts/Man%20Short%20Sleeve%20Shirt/thumbnail.png',4.62,20,3),(125,'Men Check Shirt',27.99,'The Men Check Shirt is a classic and versatile shirt featuring a stylish check pattern. Suitable for various occasions, it adds a smart and polished touch to your wardrobe.','https://cdn.dummyjson.com/products/images/mens-shirts/Men%20Check%20Shirt/thumbnail.png',2.9,69,3),(126,'Nike Air Jordan 1 Red And Black',149.99,'The Nike Air Jordan 1 in Red and Black is an iconic basketball sneaker known for its stylish design and high-performance features, making it a favorite among sneaker enthusiasts and athletes.','https://cdn.dummyjson.com/products/images/mens-shoes/Nike%20Air%20Jordan%201%20Red%20And%20Black/thumbnail.png',2.77,15,3),(127,'Nike Baseball Cleats',79.99,'Nike Baseball Cleats are designed for maximum traction and performance on the baseball field. They provide stability and support for players during games and practices.','https://cdn.dummyjson.com/products/images/mens-shoes/Nike%20Baseball%20Cleats/thumbnail.png',4.01,14,3),(128,'Puma Future Rider Trainers',89.99,'The Puma Future Rider Trainers offer a blend of retro style and modern comfort. Perfect for casual wear, these trainers provide a fashionable and comfortable option for everyday use.','https://cdn.dummyjson.com/products/images/mens-shoes/Puma%20Future%20Rider%20Trainers/thumbnail.png',4.85,10,3),(129,'Sports Sneakers Off White & Red',119.99,'The Sports Sneakers in Off White and Red combine style and functionality, making them a fashionable choice for sports enthusiasts. The red and off-white color combination adds a bold and energetic touch.','https://cdn.dummyjson.com/products/images/mens-shoes/Sports%20Sneakers%20Off%20White%20&%20Red/thumbnail.png',4.92,73,3),(130,'Sports Sneakers Off White Red',109.99,'Another variant of the Sports Sneakers in Off White Red, featuring a unique design. These sneakers offer style and comfort for casual occasions.','https://cdn.dummyjson.com/products/images/mens-shoes/Sports%20Sneakers%20Off%20White%20Red/thumbnail.png',2.95,75,3),(131,'Brown Leather Belt Watch',89.99,'The Brown Leather Belt Watch is a stylish timepiece with a classic design. Featuring a genuine leather strap and a sleek dial, it adds a touch of sophistication to your look.','https://cdn.dummyjson.com/products/images/mens-watches/Brown%20Leather%20Belt%20Watch/thumbnail.png',4.47,69,3),(132,'Longines Master Collection',1499.99,'The Longines Master Collection is an elegant and refined watch known for its precision and craftsmanship. With a timeless design, it\'s a symbol of luxury and sophistication.','https://cdn.dummyjson.com/products/images/mens-watches/Longines%20Master%20Collection/thumbnail.png',2.64,65,3),(133,'Rolex Cellini Date Black Dial',8999.99,'The Rolex Cellini Date with Black Dial is a classic and prestigious watch. With a black dial and date complication, it exudes sophistication and is a symbol of Rolex\'s heritage.','https://cdn.dummyjson.com/products/images/mens-watches/Rolex%20Cellini%20Date%20Black%20Dial/thumbnail.png',3.61,84,3),(134,'Rolex Cellini Moonphase',12999.99,'The Rolex Cellini Moonphase is a masterpiece of horology, featuring a moon phase complication and exquisite design. It reflects Rolex\'s commitment to precision and elegance.','https://cdn.dummyjson.com/products/images/mens-watches/Rolex%20Cellini%20Moonphase/thumbnail.png',4.52,33,3),(135,'Rolex Datejust',10999.99,'The Rolex Datejust is an iconic and versatile timepiece with a date window. Known for its timeless design and reliability, it\'s a symbol of Rolex\'s watchmaking excellence.','https://cdn.dummyjson.com/products/images/mens-watches/Rolex%20Datejust/thumbnail.png',4.94,11,3),(136,'Rolex Submariner Watch',13999.99,'The Rolex Submariner is a legendary dive watch with a rich history. Known for its durability and water resistance, it\'s a symbol of adventure and exploration.','https://cdn.dummyjson.com/products/images/mens-watches/Rolex%20Submariner%20Watch/thumbnail.png',2.97,35,3),(137,'Amazon Echo Plus',99.99,'The Amazon Echo Plus is a smart speaker with built-in Alexa voice control. It features premium sound quality and serves as a hub for controlling smart home devices.','https://cdn.dummyjson.com/products/images/mobile-accessories/Amazon%20Echo%20Plus/thumbnail.png',3.52,50,1),(138,'Apple Airpods',129.99,'The Apple Airpods offer a seamless wireless audio experience. With easy pairing, high-quality sound, and Siri integration, they are perfect for on-the-go listening.','https://cdn.dummyjson.com/products/images/mobile-accessories/Apple%20Airpods/thumbnail.png',4.38,93,1),(160,'Best Books for Young Adults',19.99,'This is a classic, standard resource for collection building and on-the-spot readers advisory absolutely indispensable for school and public libraries.','http://books.google.com/books/content?id=P842fHCIOq0C&printsec=frontcover&img=1&zoom=1&edge=curl&source=gbs_api',3,2,2),(162,'Books and Beyond [4 volumes]',19.99,'There\'s a strong interest in reading for pleasure or self-improvement in America, as shown by the popularity of Harry Potter, and book clubs, including Oprah Winfrey\'s. Although recent government reports show a decline in recreational reading, the same reports show a strong correlation between interest in reading and academic acheivement. This set provides a snapshot of the current state of popular American literature, including various types and genres. The volume presents alphabetically arranged entries on more than 70 diverse literary categories, such as cyberpunk, fantasy literature, flash fiction, GLBTQ literature, graphic novels, manga and anime, and zines. Each entry is written by an expert contributor and provides a definition of the genre, an overview of its history, a look at trends and themes, a discussion of how the literary form engages contemporary issues, a review of the genre\'s reception, a discussion of authors and works, and suggestions for further reading. Sidebars provide fascinating details, and the set closes with a selected, general bibliography. Reading in America for pleasure and knowledge continues to be popular, even while other media compete for attention. While students continue to read many of the standard classics, new genres have emerged. These have captured the attention of general readers and are also playing a critical role in the language arts classroom. This book maps the state of popular literature and reading in America today, including the growth of new genres, such as cyberpunk, zines, flash fiction, GLBTQ literature, and other topics. Each entry is written by an expert contributor and provides a definition of the genre, an overview of its history, a look at trends and themes, a discussion of how the literary form engages contemporary issues, a review of the genre\'s critical reception, a discussion of authors and works, and suggestions for further reading. Sidebars provide fascinating details, and the set closes with a selected, general bibliography. Students will find this book a valuable guide to what they\'re reading today and will appreciate its illumination of popular culture and contemporary social issues.','http://books.google.com/books/content?id=eOPNEAAAQBAJ&printsec=frontcover&img=1&zoom=1&edge=curl&source=gbs_api',NULL,NULL,2),(163,'The Science of Science Fiction Writing',19.99,'Written by one of the leading authorities on writing, publishing and teaching science fiction, The Science of Science Fiction Writing offers the opportunity to share in the knowledge James Gunn has acquired over the past forty years. He reflects on the fiction-writing process and how to teach it, and the ideas he has shared with his students about how to do it effectively and how to get it published afterwards. The first section discusses why people read fiction, the parts of the short story, the strategy of the science fiction author, scene as the smallest dramatic unit, how to speak well in print, suspense in fiction, how to say the right thing, and how to give constructive criticism. The second section takes a more philosophical approach. Here, Gunn elaborates on the origins of science fiction, its definition, the worldview of science fiction, and the characters that appear in science fiction novels. The third section highlights well-known sci-fi authors: H.G. Wells, Robert A. Heinlein, Isaac Asimov, Henry Kuttner, C.L. Moore, and others, and the impact they have had on the development and progression of science fiction.','http://books.google.com/books/content?id=kbcNskWaLA4C&printsec=frontcover&img=1&zoom=1&edge=curl&source=gbs_api',NULL,NULL,2),(164,'Re-Reading Harry Potter',19.99,'This book discusses the political and social presumptions ingrained in the texts of the Harry Potter series and examines the manner in which they have been received in different contexts and media. The 2nd edition also contains extensive new material which comments on the later books and examines the impact of the phenomenon across the world.','http://books.google.com/books/content?id=JI6JDAAAQBAJ&printsec=frontcover&img=1&zoom=1&edge=curl&source=gbs_api',NULL,NULL,2),(165,'Re-Reading Harry Potter',19.99,'This is the first extended text-based analysis of the social and political implications of the Harry Potter phenomenon. Arguments are primarily based on close readings of the first four Harry Potter books and the first two films - in other words, a \'text-to-world\' method is followed. This study does not assume that the phenomenon concerns children alone, or should be lightly dismissed as a matter of pure entertainment. The amount of money, media coverage, and ideological unease involved indicates otherwise. The first part provides a survey of responses (both of general readers and critics) to the Harry Potter books. Some of the methodological decisions underlying this study itself are also explained here. The second part examines the presentation of certain themes, including gender, race and desire, in the Harry Potter books, with a view to understanding how these may impinge on social and political concerns of our world.','http://books.google.com/books/content?id=6v-ADAAAQBAJ&printsec=frontcover&img=1&zoom=1&edge=curl&source=gbs_api',NULL,NULL,2),(166,'The Everything Guide To Writing A Novel',19.99,'This step-by-step guide teaches you the tricks of the trade, with advice on all you need to know to compete in the world of fiction. Whether you are seeking to hone your writing style, shape an existing work-in-progress, or begin the submission process to publishers, successfully published novelists Joyce and Jim Lavene give you all you need to know to set you on the fast track to fulfilling your writing dreams! This authoritative guide shows you how to: Turn your creative idea into a sellable premise Build a strong plot Create realistic characters Develop a first draft Find an agent Market and sell your work to publishers Whether you\'re writing literary fiction, a terrifying thriller, a sweeping epic, or a passionate romance, The Everything Guide to Writing a Novel is your essential reference to creating the next bestseller!','http://books.google.com/books/content?id=YynrDQAAQBAJ&printsec=frontcover&img=1&zoom=1&edge=curl&source=gbs_api',NULL,NULL,2),(167,'Mastering the Art of Book Design: A Comprehensive Guide',19.99,'“Mastering the Art of Book Design: A Comprehensive Guide,” a captivating world of book design. Whether you are a budding author with a story to share, a self-publisher looking to enhance your book’s visual appeal, or simply a design enthusiast seeking to deepen your knowledge, this book is here to inspire and empower you. Within the pages of this guide, we have curated a wealth of valuable insights, principles, techniques, and strategies that will equip you with the tools to create visually stunning and professionally designed books. From cover to cover, we will unravel the secrets of effective layout, typography, color schemes, and imagery, all while keeping in mind the unique requirements of both digital and printed formats. Throughout this journey, we will delve into the artistry behind book design, exploring the interplay between text and visuals, the nuances of typefaces and typography, and the meticulous attention to detail that elevates a book from ordinary to extraordinary. You will discover the importance of balance, rhythm, and harmony in creating harmonious layouts and compelling compositions. Whether you choose to follow the path of traditional publishing or embrace the freedom of self-publishing, this book will empower you to create books that showcase your content and leave a lasting impression on readers.','http://books.google.com/books/content?id=OU7HEAAAQBAJ&printsec=frontcover&img=1&zoom=1&edge=curl&source=gbs_api',NULL,NULL,2),(168,'Amazon Ads for Authors: Unlock Your Full Advertising Potential',19.99,'Have you been struggling to sell your books on Amazon? In theory, Amazon ads should be the most effective way to boost sales — a well-targeted ad can reach potential readers at the precise moment they’re looking for their next book. But in practice, authors often struggle to run profitable campaigns. After helping hundreds of authors run their Amazon Ads and managing over a million dollars in advertising spend in the process, Reedsy’s Co-founder Ricardo Fayet is sharing his best-kept secrets in this Amazon Ads book. In this second book of the popular Reedsy Marketing Guides series, you will learn: ✔️ The fundamental guiding principles of advertising books on Amazon, ✔️ How to build a comprehensive list of product and keyword targets, ✔️ What type of ad campaign will best suit your book, ✔️ How to optimize your click-through-rate to boost delivery, ✔️ How to optimize your campaigns for profit, and ✔️ How to scale and progressively grow your spend while keeping your profit levels. Each step is illustrated with examples and screenshots so that you can immediately apply the advice to your own campaigns. Whether you’re just starting with Amazon Advertising or have been running ads for years, this is the book to take your advertising game to the next level. Get your copy now and benefit from all the experience of a seasoned advertising professional.','http://books.google.com/books/content?id=foahEAAAQBAJ&printsec=frontcover&img=1&zoom=1&edge=curl&source=gbs_api',NULL,NULL,2),(169,'Ethnography for Designers',19.99,'Ethnography for Designers teaches architects and designers how to listen actively to the knowledge people have about their own culture. This approach gives structure to values and qualities. It does this by noting the terms and underlying structure of thought people use to describe aspects of their culture. By responding to underlying cognitive patterns, the architect can both respond to the user and interpret creatively. Thus, ethno-semantic methods can help designers to enhance their professional responsibility to users and, at the same time, to feel fulfilled creatively. This book is a practical guide for those teaching social factors and social research methods to designers and for those using these methods in practice.','http://books.google.com/books/content?id=DdGjCwAAQBAJ&printsec=frontcover&img=1&zoom=1&edge=curl&source=gbs_api',NULL,NULL,2),(170,'Reading Programs for Young Adults',19.99,'School and public libraries often provide programs and activities for children in preschool through the sixth grade, but there is little available to young adults. For them, libraries become a place for work—the place to research an assignment or find a book for a report—but the thought of the library as a place for enjoyment is lost. So how do librarians recapture the interest of teenagers? This just might be the answer. Here you will find theme-based units (such as Cartoon Cavalcade, Log On at the Library, Go in Style, Cruising the Mall, Space Shots, Teens on TV, and 44 others) that are designed for young adults. Each includes a display idea, suggestions for local sponsorship of prizes, a program game to encourage participation, 10 theme-related activities, curriculum tie-in activities, sample questions for use in trivia games or scavenger hunts, ideas for activity sheets, a bibliography of related works, and a list of theme-related films. The units are highly flexible, allowing any public or school library to adapt them to their particular needs.','http://books.google.com/books/content?id=Bs3-CgAAQBAJ&printsec=frontcover&img=1&zoom=1&edge=curl&source=gbs_api',NULL,NULL,2),(171,'Children\'s Learning in Laboratory and Classroom Contexts',19.99,'During the second half of the twentieth century, Ann Brown was one of the world\'s premier researchers into the cognitive development of young children. Sponsored by the Spencer Foundation, this edited festschrift honors her work and memory by bringing together a collection of original studies that extend many of the theories and themes of Brown\'s earlier work. Most of the contributors are researchers who once worked with Brown.','http://books.google.com/books/content?id=8wUyT7RUjFgC&printsec=frontcover&img=1&zoom=1&edge=curl&source=gbs_api',NULL,NULL,2),(172,'Children\'s Literature in Action',19.99,'This practitioner-oriented introduction to literature for children ages 5–12 covers the latest trends, titles, and tools for choosing the best books and materials as well as for planning fun and effective programs and activities. The third edition of Children\'s Literature in Action provides an activity-oriented survey of children\'s literature for undergraduate and graduate students seeking licensure and degrees that will lead to careers working with children in schools and public libraries. Author Sylvia M. Vardell draws on her 30 years of university teaching and extensive familiarity with the major textbooks in the area of children\'s literature to deliver something different: a book that focuses specifically on the perspective and needs of the librarian, with emphasis on practical action and library applications. Its contents address seven major genres: picture books, traditional tales, poetry, contemporary realistic fiction, historical fiction, fantasy, and informational books. Each chapter includes practical applications for the educator who shares books with children and who develops literature-based instruction. Chapters are enriched by author comments, collaborative activities, featured books, special topics, and activities including selected awards and celebrations, historical connections, recommended resources, issues for discussion, and assignment suggestions. This new edition incorporates the 2018 AASL National School Library Standards.','http://books.google.com/books/content?id=T3vCEAAAQBAJ&printsec=frontcover&img=1&zoom=1&edge=curl&source=gbs_api',NULL,NULL,2),(173,'Multicultural Issues in Literacy Research and Practice',19.99,'This volume brings together researchers and participants from diverse groups, reflecting the different ways in which the field of multicultural literacies has been interpreted. A common theme across the chapters is attention to the ways in which elements of difference--race, ethnicity, gender, class, and language--create dynamic tensions that influence students\' literacy experiences and achievement. The hope of the editors is that readers will build on the experiences and findings presented so that the field of multicultural literacies will have a greater impact of literacy research, policy, and practice.','http://books.google.com/books/content?id=JLaRAgAAQBAJ&printsec=frontcover&img=1&zoom=1&edge=curl&source=gbs_api',NULL,NULL,2),(174,'Comprehensive Curriculum of Basic Skills, Grade 3',19.99,'Comprehensive Curriculum of Basic Skills for grade 3 covers basic concepts such as reading comprehension, parts of speech, punctuation, spelling, rounding, addition, subtraction, multiplication, division, fractions, decimals, geometry, graphs, time, money, measurement, and place value. Complete with practice in writing, reading, and math, this series helps develop the skills your child needs for grade-level success. --With over 10 million copies in print, the Comprehensive Curriculum of Basic Skills series provides an entire curriculum filled with fun, educational activities and instruction that improve academic performance. --Available for grades prekindergarten to 6, Comprehensive Curriculum of Basic Skills features vivid, full-color illustrations and grade-appropriate activities for phonics, reading, language arts, writing, and math. This series edition has been updated with relevant, high-interest reading passages and artwork to engage your child in the learning process. An excellent resource for supporting classroom learning or enhancing your home school curriculum, it features review lessons to measure your childÕs progress, teaching suggestions to extend learning, and answer keys to monitor accuracy. --Comprehensive Curriculum of Basic Skills is the all-in-one resource for strengthening essential skills.','http://books.google.com/books/content?id=JU-aCwAAQBAJ&printsec=frontcover&img=1&zoom=1&edge=curl&source=gbs_api',NULL,NULL,2);
/*!40000 ALTER TABLE `products` ENABLE KEYS */;
UNLOCK TABLES;

--
-- Table structure for table `users`
--

DROP TABLE IF EXISTS `users`;
/*!40101 SET @saved_cs_client     = @@character_set_client */;
/*!50503 SET character_set_client = utf8mb4 */;
CREATE TABLE `users` (
  `id` int NOT NULL AUTO_INCREMENT,
  `username` varchar(255) NOT NULL,
  `password` varchar(255) NOT NULL,
  `phone_number` varchar(255) DEFAULT NULL,
  `role` varchar(255) NOT NULL,
  `created_at` timestamp NULL DEFAULT CURRENT_TIMESTAMP,
  `updated_at` timestamp NULL DEFAULT CURRENT_TIMESTAMP ON UPDATE CURRENT_TIMESTAMP,
  PRIMARY KEY (`id`),
  UNIQUE KEY `username` (`username`)
) ENGINE=InnoDB AUTO_INCREMENT=54 DEFAULT CHARSET=utf8mb4 COLLATE=utf8mb4_0900_ai_ci;
/*!40101 SET character_set_client = @saved_cs_client */;

--
-- Dumping data for table `users`
--

LOCK TABLES `users` WRITE;
/*!40000 ALTER TABLE `users` DISABLE KEYS */;
INSERT INTO `users` VALUES (1,'Hoang604','$2a$12$e1sWRwyS5IkIgNHhhj1Ng.N2PrpqadPw8cqTYq8/ngGwX.JoYyvc6','0865003498','ADMIN','2025-01-09 13:22:52','2025-01-26 15:25:08'),(50,'username','$2a$12$rt7p0BDkF1k3Vt61zGiGGeAzjUSAaHfvR/Kzcs0LWe50SH/tifMWm','0911113331','USER','2025-01-26 17:06:25','2025-01-26 17:42:34'),(51,'user1','$2a$12$mH00YdEtzd9QJNdqdwgBFelwALMjYuOMVsdijabYUITBwSW1YRiZa','0911223334','USER','2025-01-26 17:06:57','2025-01-26 17:34:10'),(52,'user','$2a$12$PaqOLeuns5RE1tCTnUQiYOfy8WTgZAdSdGmm4bbZWLUA7gR/RCpsC','0899988890','USER','2025-01-27 06:56:39','2025-01-27 06:56:39'),(53,'admin','$2a$10$9JlEGqdcEGo98hB6QyB5LOflY2SN/kTqz9TDxfvylwDih.rmchC4K','','ADMIN','2025-01-31 13:03:24','2025-01-31 13:03:24');
/*!40000 ALTER TABLE `users` ENABLE KEYS */;
UNLOCK TABLES;
/*!40103 SET TIME_ZONE=@OLD_TIME_ZONE */;

/*!40101 SET SQL_MODE=@OLD_SQL_MODE */;
/*!40014 SET FOREIGN_KEY_CHECKS=@OLD_FOREIGN_KEY_CHECKS */;
/*!40014 SET UNIQUE_CHECKS=@OLD_UNIQUE_CHECKS */;
/*!40101 SET CHARACTER_SET_CLIENT=@OLD_CHARACTER_SET_CLIENT */;
/*!40101 SET CHARACTER_SET_RESULTS=@OLD_CHARACTER_SET_RESULTS */;
/*!40101 SET COLLATION_CONNECTION=@OLD_COLLATION_CONNECTION */;
/*!40111 SET SQL_NOTES=@OLD_SQL_NOTES */;

-- Dump completed on 2025-02-12  9:36:54
